,mmr_lambda,llm,rouge1_avg,rouge2_avg,rougeL_avg,semantic_similarity_avg
0,0.5,llama3-70b-8192,0.364024731629858,0.1205283794439338,0.24552483582923879,0.5545027918916747
